round,algorithm,alpha,seed,test_acc,test_loss,selected,mean_contribution,round_time_s,sel_time_s,agg_time_s,mean_client_train_s,cum_up_bytes,cum_down_bytes,peak_gpu_gb,class0_acc,class1_acc,class2_acc,class3_acc,class4_acc,class5_acc,class6_acc,class7_acc,class8_acc,class9_acc
1,FedProx,1.0,42,0.1571,2.203429291534424,"8,1,5",0.7793809477884563,15.557323932647705,7.295608520507812e-05,0.008697986602783203,3.061068137486776,8006136.0,8006136.0,0.215732224,0.001,0.001,0.433,0.011,0.0,0.005,0.817,0.001,0.24,0.062
2,FedProx,1.0,42,0.2239,2.006251683807373,"0,1,8",0.7620020557375152,14.088816404342651,0.00011944770812988281,0.008674144744873047,2.7344749768575034,16012272.0,16012272.0,0.218410496,0.042,0.0,0.376,0.0,0.001,0.923,0.0,0.002,0.386,0.509
3,FedProx,1.0,42,0.318,1.8091691020965577,"9,2,0",0.49109038558595275,16.123063325881958,0.0001404285430908203,0.008529186248779297,3.180107037226359,24018408.0,24018408.0,0.218410496,0.345,0.354,0.137,0.0,0.743,0.629,0.117,0.108,0.66,0.087
4,FedProx,1.0,42,0.3983,1.6399124851226807,"1,7,6",0.6251860572592195,14.585268020629883,0.00016808509826660156,0.008840322494506836,2.836341619491577,32024544.0,32024544.0,0.218410496,0.583,0.565,0.273,0.337,0.0,0.547,0.496,0.543,0.181,0.458
5,FedProx,1.0,42,0.3971,1.5734105278015136,"1,5,4",0.3768386381629986,15.379362106323242,0.00014281272888183594,0.009099006652832031,3.0388033390045166,40030680.0,40030680.0,0.218410496,0.001,0.629,0.473,0.403,0.001,0.122,0.753,0.47,0.792,0.327
6,FedProx,1.0,42,0.4346,1.528041241645813,"8,2,5",0.3301929704054964,16.476203441619873,0.000141143798828125,0.008744239807128906,3.302060683568319,48036816.0,48036816.0,0.218410496,0.347,0.595,0.457,0.0,0.181,0.556,0.774,0.4,0.77,0.266
7,FedProx,1.0,42,0.4077,1.5949597679138183,"0,5,2",0.25713061870886755,16.454687118530273,0.00012302398681640625,0.009655237197875977,3.2841200033823648,56042952.0,56042952.0,0.218410496,0.281,0.518,0.644,0.0,0.006,0.708,0.655,0.26,0.687,0.318
8,FedProx,1.0,42,0.4611,1.4323796478271484,"4,8,1",0.5097052632114029,13.995030879974365,0.00012421607971191406,0.00883030891418457,2.751779317855835,64049088.0,64049088.0,0.218410496,0.172,0.373,0.095,0.241,0.604,0.607,0.391,0.562,0.891,0.675
9,FedProx,1.0,42,0.4167,1.4767464534759522,"2,0,4",0.2985156648631379,15.385502338409424,0.0001628398895263672,0.008903980255126953,3.041014830271403,72055224.0,72055224.0,0.218410496,0.114,0.735,0.091,0.0,0.842,0.553,0.354,0.464,0.845,0.169
10,FedProx,1.0,42,0.4456,1.4495987306594849,"4,2,7",0.1907727126416133,14.725197315216064,0.00017142295837402344,0.008513927459716797,2.8978536128997803,80061360.0,80061360.0,0.218410496,0.489,0.772,0.061,0.0,0.795,0.451,0.49,0.633,0.698,0.067
11,FedProx,1.0,42,0.4815,1.3766514060974122,"5,2,7",0.22459198696699026,16.16048574447632,0.000186920166015625,0.008821487426757812,3.2264644304911294,88067496.0,88067496.0,0.218410496,0.612,0.73,0.583,0.029,0.17,0.622,0.725,0.596,0.693,0.055
12,FedProx,1.0,42,0.4971,1.3126622270584107,"1,5,2",0.320308776236819,17.131080865859985,0.00019550323486328125,0.008915901184082031,3.418145497639974,96073632.0,96073632.0,0.218410496,0.292,0.716,0.554,0.081,0.036,0.682,0.789,0.665,0.893,0.263
13,FedProx,1.0,42,0.5392,1.2654917322158814,"3,1,4",0.21116323995453093,13.644773483276367,0.0001342296600341797,0.008614301681518555,2.6630104382832847,104079768.0,104079768.0,0.218410496,0.118,0.739,0.452,0.252,0.329,0.64,0.768,0.626,0.883,0.585
14,FedProx,1.0,42,0.5177,1.2769933464050294,"2,4,5",0.21025155835018042,16.35152316093445,0.00011229515075683594,0.008777379989624023,3.2444416681925454,112085904.0,112085904.0,0.218410496,0.288,0.88,0.431,0.093,0.427,0.493,0.861,0.686,0.835,0.183
15,FedProx,1.0,42,0.5594,1.1959894676208496,"7,0,1",0.34170543377007995,13.61021900177002,0.00014162063598632812,0.009083032608032227,2.6255006790161133,120092040.0,120092040.0,0.218410496,0.32,0.756,0.337,0.082,0.375,0.802,0.788,0.656,0.802,0.676
16,FedProx,1.0,42,0.5369,1.2526885456085206,"6,1,3",0.14268653351816882,14.41355276107788,0.00012302398681640625,0.008671998977661133,2.8157262802124023,128098176.0,128098176.0,0.218410496,0.325,0.641,0.393,0.52,0.01,0.456,0.813,0.595,0.871,0.745
17,FedProx,1.0,42,0.577,1.152649589920044,"4,7,8",0.37611348279723683,13.007586479187012,0.00012683868408203125,0.008561849594116211,2.507066090901693,136104312.0,136104312.0,0.218410496,0.588,0.656,0.25,0.405,0.75,0.382,0.702,0.569,0.791,0.677
18,FedProx,1.0,42,0.5756,1.1311317686080933,"1,8,5",0.27288455489039126,15.283722162246704,0.000118255615234375,0.009050607681274414,3.0517584482828775,144110448.0,144110448.0,0.218410496,0.305,0.569,0.504,0.409,0.221,0.584,0.815,0.636,0.862,0.851
19,FedProx,1.0,42,0.5643,1.1590832647323608,"8,0,4",0.2989031255998518,13.432052612304688,0.00018715858459472656,0.008800506591796875,2.611159404118856,152116584.0,152116584.0,0.218410496,0.403,0.601,0.464,0.133,0.725,0.69,0.743,0.216,0.827,0.841
20,FedProx,1.0,42,0.5824,1.143100369644165,"0,2,1",0.2552003449661832,15.961060523986816,0.0001289844512939453,0.008887290954589844,3.171823740005493,160122720.0,160122720.0,0.218410496,0.294,0.767,0.351,0.004,0.567,0.827,0.842,0.602,0.893,0.677
21,FedProx,1.0,42,0.5948,1.0773884204864501,"1,2,7",0.21623336563272633,15.164527177810669,0.0001621246337890625,0.00934743881225586,2.9970854123433432,168128856.0,168128856.0,0.218410496,0.376,0.852,0.34,0.033,0.625,0.773,0.785,0.738,0.898,0.528
22,FedProx,1.0,42,0.6145,1.0585303915023803,"7,9,1",0.176096352796467,14.285645961761475,0.00020194053649902344,0.008915901184082031,2.789091428120931,176134992.0,176134992.0,0.218410496,0.377,0.798,0.344,0.619,0.468,0.418,0.831,0.7,0.839,0.751
23,FedProx,1.0,42,0.6346,1.0081854558944703,"5,7,4",0.19896190970608266,14.177401542663574,0.00011682510375976562,0.00870060920715332,2.772202968597412,184141128.0,184141128.0,0.218410496,0.496,0.853,0.503,0.335,0.441,0.501,0.889,0.781,0.808,0.739
24,FedProx,1.0,42,0.6513,0.9675933178901672,"6,4,7",0.18166459873209717,13.81900691986084,0.00021195411682128906,0.008625507354736328,2.6938629945119223,192147264.0,192147264.0,0.218410496,0.728,0.881,0.543,0.396,0.384,0.464,0.868,0.744,0.756,0.749
25,FedProx,1.0,42,0.6332,0.9971643255233764,"9,6,4",0.07283586279615906,15.184414625167847,0.00015234947204589844,0.008648872375488281,2.965198834737142,200153400.0,200153400.0,0.218410496,0.549,0.761,0.476,0.636,0.4,0.271,0.865,0.704,0.816,0.854
26,FedProx,1.0,42,0.6287,1.015637675857544,"3,6,9",0.07658078811341378,14.748153448104858,0.0001881122589111328,0.00856161117553711,2.9067850907643638,208159536.0,208159536.0,0.218410496,0.648,0.775,0.535,0.717,0.223,0.325,0.822,0.592,0.78,0.87
27,FedProx,1.0,42,0.6562,0.9495663629531861,"7,1,4",0.3352473119187316,13.410282373428345,0.00018835067749023438,0.008641242980957031,2.6085450649261475,216165672.0,216165672.0,0.218410496,0.361,0.872,0.368,0.348,0.598,0.67,0.807,0.815,0.886,0.837
28,FedProx,1.0,42,0.6499,0.9721382681846619,"6,9,0",0.2202152824817273,15.075961828231812,0.00012350082397460938,0.008642196655273438,2.9603792826334634,224171808.0,224171808.0,0.218410496,0.659,0.797,0.47,0.496,0.419,0.68,0.836,0.621,0.619,0.902
29,FedProx,1.0,42,0.6434,0.9748656085968017,"4,0,1",0.21501637233398463,13.945678949356079,0.00012254714965820312,0.008428812026977539,2.727047840754191,232177944.0,232177944.0,0.218410496,0.285,0.857,0.4,0.256,0.668,0.801,0.839,0.612,0.842,0.874
30,FedProx,1.0,42,0.6309,1.0349511125564574,"5,1,9",0.0721433934404379,15.716202020645142,0.00018024444580078125,0.008800029754638672,3.1234397093454995,240184080.0,240184080.0,0.218410496,0.35,0.78,0.447,0.753,0.398,0.407,0.856,0.622,0.835,0.861
31,FedProx,1.0,42,0.6783,0.8756253737449646,"6,4,9",0.22934672439577986,15.267983198165894,0.0001983642578125,0.008567333221435547,3.0082072416941323,248190216.0,248190216.0,0.218410496,0.68,0.882,0.478,0.68,0.455,0.407,0.853,0.702,0.778,0.868
32,FedProx,1.0,42,0.662,0.926091748046875,"8,5,4",0.13471388171781715,14.872684001922607,0.00013494491577148438,0.008661508560180664,2.9326679706573486,256196352.0,256196352.0,0.218410496,0.56,0.735,0.542,0.57,0.566,0.337,0.891,0.596,0.92,0.903
33,FedProx,1.0,42,0.6914,0.8572594002723694,"7,1,3",0.23727880624245032,13.238218784332275,0.000133514404296875,0.008571386337280273,2.564013640085856,264202488.0,264202488.0,0.218410496,0.601,0.841,0.443,0.449,0.558,0.717,0.85,0.7,0.926,0.829
34,FedProx,1.0,42,0.6854,0.8875372644424439,"4,1,6",0.15473387848188805,14.857081651687622,0.00011610984802246094,0.008689641952514648,2.936180273691813,272208624.0,272208624.0,0.218410496,0.486,0.92,0.475,0.66,0.388,0.574,0.811,0.834,0.881,0.825
35,FedProx,1.0,42,0.6687,0.9079327239990235,"4,0,1",0.18742254645293818,13.788812637329102,0.0001819133758544922,0.008783578872680664,2.664134422938029,280214760.0,280214760.0,0.218410496,0.331,0.869,0.532,0.228,0.637,0.801,0.866,0.65,0.887,0.886
36,FedProx,1.0,42,0.6649,0.9390421821594238,"9,0,3",0.14239305955315817,13.826790571212769,0.00016617774963378906,0.00839376449584961,2.726018746693929,288220896.0,288220896.0,0.218410496,0.541,0.807,0.581,0.576,0.556,0.635,0.862,0.309,0.889,0.893
37,FedProx,1.0,42,0.6869,0.8523351091384888,"1,5,2",0.3377715618055908,16.86123561859131,0.00011658668518066406,0.009108781814575195,3.37605873743693,296227032.0,296227032.0,0.218410496,0.508,0.893,0.548,0.209,0.544,0.78,0.881,0.804,0.928,0.774
38,FedProx,1.0,42,0.7128,0.7960125410079956,"8,6,4",0.22564356842684083,14.378348112106323,0.0001990795135498047,0.009186983108520508,2.788468281428019,304233168.0,304233168.0,0.218410496,0.739,0.791,0.504,0.596,0.609,0.557,0.827,0.738,0.862,0.905
39,FedProx,1.0,42,0.6838,0.8762120052337646,"3,0,1",0.13857375710013317,13.032955646514893,0.00012135505676269531,0.008489370346069336,2.5506308873494468,312239304.0,312239304.0,0.218410496,0.577,0.86,0.562,0.373,0.48,0.797,0.878,0.52,0.883,0.908
40,FedProx,1.0,42,0.6946,0.849573611831665,"8,1,5",0.17031969289309848,14.933734893798828,0.0001266002655029297,0.00904226303100586,2.95518159866333,320245440.0,320245440.0,0.218410496,0.549,0.758,0.559,0.625,0.459,0.591,0.869,0.698,0.928,0.91
41,FedProx,1.0,42,0.7279,0.7492685272216797,"2,6,8",0.22304899920870483,15.847399711608887,0.00015616416931152344,0.008486270904541016,3.162379503250122,328251576.0,328251576.0,0.218410496,0.794,0.881,0.514,0.436,0.667,0.699,0.83,0.785,0.83,0.843
42,FedProx,1.0,42,0.6919,0.8694133373260498,"5,1,3",0.07858512504033761,14.696122646331787,0.0001666545867919922,0.008673906326293945,2.902919371922811,336257712.0,336257712.0,0.218410496,0.522,0.859,0.586,0.6,0.385,0.584,0.903,0.656,0.936,0.888
43,FedProx,1.0,42,0.702,0.8243726819992065,"5,1,2",0.23503859502324073,16.691765069961548,0.0001239776611328125,0.008729696273803711,3.302064577738444,344263848.0,344263848.0,0.218410496,0.477,0.907,0.592,0.317,0.523,0.744,0.907,0.784,0.945,0.824
44,FedProx,1.0,42,0.7099,0.8008587714195251,"0,3,4",0.17184060709954152,13.224923133850098,0.00016880035400390625,0.00879216194152832,2.559784412384033,352269984.0,352269984.0,0.218410496,0.589,0.86,0.674,0.369,0.74,0.665,0.9,0.489,0.909,0.904
45,FedProx,1.0,42,0.6937,0.8402168544769287,"8,0,3",0.13223882029427636,13.209311723709106,0.00014638900756835938,0.008708953857421875,2.5658226807912192,360276120.0,360276120.0,0.218410496,0.764,0.697,0.577,0.425,0.663,0.823,0.82,0.393,0.847,0.928
46,FedProx,1.0,42,0.6988,0.8430546125411987,"9,3,6",0.13727874280899569,14.941114902496338,0.00014662742614746094,0.008889436721801758,2.9268895785013833,368282256.0,368282256.0,0.218410496,0.741,0.87,0.599,0.742,0.403,0.405,0.9,0.594,0.85,0.884
47,FedProx,1.0,42,0.7127,0.8138244010925293,"5,6,7",0.14725513251005784,15.263726949691772,0.000125885009765625,0.008579730987548828,3.0170756181081138,376288392.0,376288392.0,0.218410496,0.829,0.893,0.63,0.659,0.273,0.492,0.915,0.787,0.778,0.871
48,FedProx,1.0,42,0.7323,0.7548860054969787,"1,8,4",0.2200440164682337,14.23997712135315,0.0001342296600341797,0.009512186050415039,2.7681620121002197,384294528.0,384294528.0,0.218410496,0.591,0.794,0.51,0.449,0.723,0.766,0.882,0.777,0.916,0.915
49,FedProx,1.0,42,0.7176,0.7716644626617432,"4,3,8",0.14482322495238487,13.055378198623657,0.00016260147094726562,0.008893013000488281,2.5327338377634683,392300664.0,392300664.0,0.218410496,0.67,0.784,0.593,0.569,0.782,0.538,0.89,0.531,0.91,0.909
50,FedProx,1.0,42,0.7526,0.6948595498085022,"8,4,7",0.19298686645901064,13.007710933685303,0.00013136863708496094,0.008910417556762695,2.507824977238973,400306800.0,400306800.0,0.218410496,0.822,0.885,0.574,0.497,0.791,0.631,0.867,0.737,0.889,0.833
